StartDate,EndDate,Status,IPAddress,Progress,Duration (in seconds),Finished,RecordedDate,ResponseId,RecipientLastName,RecipientFirstName,RecipientEmail,ExternalReference,LocationLatitude,LocationLongitude,DistributionChannel,UserLanguage,Q19,Q47,Q50,Q22,Q23,Q54,Q56,Q30,Q59,Q32,Q5,Q6,Q7,Q8,Q9,Q10,Q11,Q12,Q13,Q14,Q33,Q34,Q35,Q36,Q37,Q38,Q39,Q40,Q41,Q42,Q62,Q17,Random ID
2021-01-22 15:37:09,2021-01-22 16:33:43,IP Address,68.163.50.134,100,3393,TRUE,2021-01-22 16:33:43,R_RxDRm5pwrpSKjvj,,,,,39.935699462890600,-75.183197021484400,anonymous,EN,,,,,,,,,,,Go to the green ball,Put the red ball next to the yellow door,Go to a red box,Go to the purple key,1,Put the green box next to the green ball,Go to a gray ball,Go to the red ball,Go to a gray ball and a gray key,3,"Pick up the blue key, put it down, pick up the green key, go between a blue box and a blue ball","Pick up and put down a yellow key, pick up the yellow box, go next to the purple key near the grey ball",Go to the yellow door,"Pick up and put down the yellow box, go to a red door",2,Go next to a purple ball,"Pick up a gray box, go next to a gray box while facing a green key","Move the blue key next to the yellow box, pick up the red box, go near a blue door","Go next to a yellow door, go next to the yellow box, pick up a green box, go near a green door","Pick up and put down a red box, got to the gray ball",,"I often had trouble distinguishing yellow from green when they weren't right next to each other. I also had several situations where I couldn't figure out how to explain the robot's behavior based on my mental model of the ways goals could be specified to it, and tried to imagine other ways of specifying relations between objects and the robot consistent with behavior.",
2021-02-05 13:08:45,2021-02-05 13:22:16,IP Address,216.54.20.2,100,810,TRUE,2021-02-05 13:22:16,R_UQ2yL9fEzE3ArpD,,,,,36.643402099609400,-76.24199676513670000,anonymous,EN,,,,,,,,,,,Go to the green ball,Pick up the red ball and drop it next to the yellow box,Go through a blue door then a purple door to a red box,go to the purple key,1,Go pick up the green box and put it next to the green ball,Go to the grey ball,Go through yellow door then a grey door and then a green door and back through the green door to a yellow door then through a purple door ,Go through grey door and tehn back up through a brown door and stop next to a grey key ,3,Go get blue key but put it back down then go through the green door and turn back around through the green door and go through the grey door and then through the yellow door and then come back through the yellow door and grey door to go through the green door and go through the next green door and then a third green door to pick up a green key and go through a blue door ,Pick up and droop green key then go through a red door then turn around and go back through and go through the grey door then go through a blue door and then go through the next grey door and pick up a yellow box and go back through the last two doors ,Go through the purple door and then go through the same door again and go through a grey door pick up purple ball and go through open door turn around and come back through and go through a green door and then another green door and move the yellow ball,Go through the red door ,2,Go through the red door and pick up a blue ball then go through the green door ,Go through the purple door and pick up a grey box then go through a grey door and then go through a blue door and then go through a green door and then find the next green door to go through and turn around and go back through the first green door and the blue door but turn and go through another green door ,Go through a grey door and then go through a purple door and then a blue door and another grey door to move the grey ball and then go back through that last door and go open another grey door and pick up the red block and move it go move the blue key next to the yellow block. Then ,Go through the blue door then go get the green box ,"Go through the red door and go through the second red door and pick up and drop the red box, then go back through the second red door then through a blue door and then a second blue door but turn around and come back through the two red doors and go through the purple door an stop by the grey ball",,This was kind of interesting but stressful  toward the end! ,
2021-02-05 13:11:17,2021-02-05 13:25:49,IP Address,67.247.196.28,100,871,TRUE,2021-02-05 13:25:49,R_1dzhaKE86HUGb4u,,,,,46.68280029296880,-68.01689910888670000,anonymous,EN,,,,,,,,,,,go to the green ball,put the red ball next to the yellow door,go to a red square,go to the purple key,1,put the green box by the green ball,go to the gray ball,go to the red ball,go the gray ball then go to the gray key,3,pick up and put down the blue key then go through a green door then go through a yellow door then pick up the green key and go to the blue ball ,pick up and put down the green key then go the the green box near the red key then pick up the yellow box and take it to the gray key,put the purple ball in the room with the blue key and open all the doors on the right side of the map then move the yellow ball from in front of the yellow door,pick up and put down the yellow box then go to the red door,2,open the red door and move the blue ball into the room you started in then go to the purple ball,open the purple door and pick up the gray box then go through the bloor door  and touch the red and purple ball then go through the two green doors look in the room with the blue ball then go to the room with two gray boxes,go through the gray door  then go through the purple door then the blue door  and move the gray ball out of the way then the purple door and move the blue key next to the yellow box then open the gray door and pick up the red box ,go through the blue door then check the yellow door and yellow box then pick up the green box and go to the green door,go through the red door and then go through another red door pick up the red box and put it down then go through the blue door then go through the other blue door and then back out and then go through the purple door and go to the gray ball,,"very difficult, because the player was doing random movements in some rooms",
2021-02-05 13:15:15,2021-02-05 13:41:39,IP Address,205.178.67.43,100,1583,TRUE,2021-02-05 13:41:39,R_1EYah1cw8hWuigI,,,,,41.9031982421875,-87.63829803466800000,anonymous,EN,,,,,,,,,,,go to the green ball,pick up the red ball and put it by the yellow box,go through the gray door then go to the red box,go to the purple key,1,pick up the green box and place it by the green circle,go to the gray circle,go to the red circle,go to the gray key,3,pick up the blue key and put it back down then find and pick up the green key and go in between the blue ball and purple box,"pick up the green key and put it back down, then pick up the yellow box and go through the blue door and go to the purple key",pick up the purple ball then go to the yellow door,go to the red door after picking up the yellow box,2,go through the red door and then go to the purple ball,go through the purple door then pick up the gray box and go to the green key,pick up the blue key and put it in front of the yellow box then pick up the red box and go to the blue door,pick up the green box then go to the green door,pick up the red box and put it back down then go to the gray ball,,,
2021-02-05 13:02:27,2021-02-05 13:52:39,IP Address,104.55.215.108,100,3012,TRUE,2021-02-05 13:52:40,R_1f6G4OdChsC5RS4,,,,,41.760894775390600,-88.01509857177730000,anonymous,EN,,,,,,,,,,,go to the green dot,move the red dot to the yellow door,go open the red door,get the purple key,1,open the green box ,go to the grey dot,open the yellow box open the green box and open the yellow box,open the green boxes,3,open up all of the boxes that are green and yellow only ,"open the red box, then open the yellow box and the blue box up top. next get the yellow box ","open the green box, open the blue box and then open 2 more green boxes",open the red box,2,get the blue dot open then open the green box,open the blue door then get the yellow box then open the door and get the blue box and open the green doors then go towards the green key,"open the blue doors, get the grey dot and the blue key. then get the red box",go to the green box,"open the red doors then the blue doors , then go to the grey dot",,,
2021-02-05 14:07:28,2021-02-05 14:32:40,IP Address,184.90.50.37,100,1511,TRUE,2021-02-05 14:32:40,R_2WZRrQAlFowBte9,,,,,29.2866058349609000,-81.0868988037109000,anonymous,EN,,,,,,,,,,,go to the green ball,pick up the red ball and put it next to the yellow box,find a red box,go to the purple key,1,pick up the green box and place it next to the green ball,go to the grey ball,go through 2 yellow doors and find the red ball,find a grey key,3,"find the green key, pick it up and then go near a blue ball.",find the yellow box and pick it up.,"find the purple ball, pick it up, put it down, find a yellow ball, pick it up and put it down","pick up a yellow box and put it down, move next to a purple ball.",2,"go through the red door, pick up the blue ball, put it down, and find the blue ball.",pick up a grey box and find a green key.,"go through the doors, move the grey ball, pick up the blue key and put it next to the yellow box.",pick up a green box.,"pick up a red box, put it down, and find the grey ball.",,"I sincerely hope I performed accurate work on this HIT. The instructions are indeed very simple, but some of the robot sequences didn't seem to have a goal in mind, just mindless wandering.",
2021-02-07 14:50:32,2021-02-07 15:21:55,IP Address,47.135.1.239,100,1883,TRUE,2021-02-07 15:21:55,R_3CJFHcq3jhZdu5P,,,,,35.753204345703100,-81.3264007568359000,anonymous,EN,,,,,,,,,,,Go to a blue ball then go to a green ball,Pick up the red ball then put the red ball down next to the yellow box,Open the grey door then go to the red box,Go to the purple key,1,Pick up the green box then put down the green box next to the green ball,Go to a grey ball,Go to the red ball,Go to a grey key,3,"Pick up the blue key then put it down then open all the yellow and green doors then pick up the green key, open the blue door and go to the space between the purple box and blue ball",Pick up the yellow box and go to the purple key,Go to the yellow door,Pick up the yellow box then put it down and go to the red door,2,Open the red door and then go to the purple ball,Pick up a grey box and go to the green key,Pick up the blue key and put it down next to the yellow box then pick up the red box and go to a blue door,Open the blue door then pick up the green box and go to the green door,"Pick up a red box and put down the red box, then go to a grey ball",,,58389
2021-02-07 14:04:34,2021-02-07 15:25:22,IP Address,177.87.66.159,100,4847,TRUE,2021-02-07 15:25:22,R_1P1S1SwTGrBlNPr,,,,,-15.779205322265600,-47.9340972900391000,anonymous,EN,,,,,,,,,,,go to the green ball,put the red ball next to the yellow box,open the blue door and go to the red box,go to the purple key,1,put the green box next to the green ball,go to the grey ball,open the purple door and go to the red ball,open the grey door go to the grey key after go to the grey ball,3,pick up the blue key then pinck up the green key and open the blue door,pick up the green key then pick up the yellow box,pick up th purple ball then move the yelow ball ,pick up the yellow box then go to the purple ball,2, open the red door put the blue ball next to the green ball then go to the purple ball,pick up the grey box then open the blue door go to the red ball then go to the grey box after you open the green door ,put the grey ball next to the yellow key then put the blue key next the yellow box and pick up the red box,open the blue door and pick up the green box,open the red door pick up the red box then go to the grey ball after you open the blue doors,,i really enjoyed the tasks thank you so much ,42942
2021-02-13 11:13:38,2021-02-13 11:45:43,IP Address,184.83.102.228,100,1924,TRUE,2021-02-13 11:45:44,R_vNPI5LDdGppvUtj,,,,,43.52349853515630,-96.73850250244140000,anonymous,EN,Go straight and turn right.,Go to the purple key.,"Go to the blue key first, then blue box then gray box.",Get the blue key.,"Go to the left bottom box, then move to the middle bottom.",Open all green doors,go to blue box,Move red key and open blue box.,Move gray ball by blue key and open blue door,Get blue ball,Go to green ball,Get red ball and move it on top of yellow box.,Go to red box.,Go to purple key.,1,"Get red box and move it between, a step bellow, Yellow box and yellow ball.",Go to gray ball.,Go to red ball.,Pick gray ball and then go to gray key.,3,Get the blue key then the green key and go to the blue ball.,Get green key then get green box and go back to the box you started in.,Get purple ball then open green door to pass through and go to green door.,Move yellow box and go to red door.,2,open blue door and go to gray ball.,"Get Yellow box, go to blue ball through gray door, then go to yellow key.",Move blue key under yellow box then get red box.,Get green box.,"Open red doors and get red box, then go to gray ball.",,Hope I did well,82668
2021-02-13 13:15:48,2021-02-13 14:09:14,IP Address,174.61.148.36,100,3205,TRUE,2021-02-13 14:09:14,R_3IW9S2ARWG1rN2w,,,,,47.6295013427734000,-122.316497802734000,anonymous,EN,Move red triangle three spaces forward and turn right,Go to the purple key,Go to the blue key then through the two squares,Pick up the blue key,Go to the green door,Go to the blue door,Go to the yellow circle and then to a blue door,"Open the yellow door, move the red key and go to the purple key",Put the gray ball next to a blue key and go through a blue door,Open the purple door then pick up the green box and move it,Go to the green ball,Pick up the red ball and put it next to the yellow box,Go to a red box,Go to the purple key,1,Pick up the green box and put it next to the green ball,Go to a gray ball,Open a green door then go to the red ball,Go to a gray key after going to a gray ball,3,"Pick up and put down a blue key, then pick up the green key and go through a door","Go to the yellow box, pick it up, and go to the purple key","Pick up a purple ball and move it through a door, then pick up a yellow ball and move it",Pick up and put down a yellow box and go to a red door,2,"Pick up the blue ball and move it, then go to the purple ball","Pick up a gray box, go to a red ball, open two green doors then go to a green key","Pick up the gray ball and move it, pick up the blue key and move it next to a yellow box, then pick up a red box",Open a yellow door and pick up a green box,"Pick up and put down a red box, then go to the gray ball",,,60493
2021-02-13 14:41:03,2021-02-13 15:08:29,IP Address,76.107.51.235,100,1646,TRUE,2021-02-13 15:08:30,R_2pQy9JsADCQ7OmA,,,,,32.5529937744141000,-92.04219818115230000,anonymous,EN,go up three spaces and turn right,search for the purple key,go to purple box,pick up and drop the top  blue key,open the green door,go to the room with the green box,pick up and drop yellow ball open blue door,open yellow door go to purple key,put grey ball next to green key open yellow door,find the green box and put it next to the red key,go to the blue ball then the yellow ball,pick up the red ball put it next to yellow box,go to the red box,go to the purple key,1,pick up green box put it next to green ball,go to the grey ball,go to the red ball,go to the grey key,3,pick up blue key open seven doors,pick up green key pick up yellow box go to grey ball,pick up grey ball then pick up yellow ball,pick up yellow box,2,pick up blue ball go to purple ball,pick up purple box go to red ball open green doors go to green key,pick up grey ball  pick up blue key put blue key next to yellow box pick up red box,pick up green box,pick up red box open blue door go to grey ball,,This was a great study!,43056
2021-02-13 13:05:55,2021-02-13 18:41:58,IP Address,173.168.79.241,100,20163,TRUE,2021-02-13 18:41:58,R_3ku098Fl4fX4K58,,,,,27.8672027587891000,-82.35030364990230000,anonymous,EN,Rotate Triangle 90 degrees clockwise. Move triangle up three squares. Rotate triangle 90 degrees clockwise,Go to the purple key,collect blue key and unlock the blue lock,Move the blue key,Go to the green lock,Search the area,Pick up the yellow ball and go to the purple door,Go through the yellow door then go to the blue door,go through the blue door,Move the green door,go the green ball,Put the red ball by the yellow door,Go to the red door,Go between the yellow key and the purple ball,1,Move the green door infront of the green ball,Move to the grey ball,Go in front of the red ball,Go to the grey key,3,Pick up and deposit the blue key then pick up the green key,Pick up and move the yellow gate,Pick up and move the yellow ball to the side,Pick up and drop the yellow gate. Then go to the red gate,2,Pick up and move the blue ball then go to the purple ball,Pick up gray gate and go to the green key,Pick up the blue key and put it next to the yellow door,Pick up green gate and head toward green door,Go to infront of the grey ball,,,91872
2021-02-14 12:51:58,2021-02-14 13:23:21,IP Address,65.190.245.108,100,1883,TRUE,2021-02-14 13:23:22,R_71D8LC8gu6rY2Zj,,,,,36.021697998046900,-79.78389739990230000,anonymous,EN,"go north 3 spaces, turn right, go east 1 space",go to the purple key,go to the purple box,move the blue key,open the green door,go to a blue door,"pick up and drop the yellow ball, then go to the blue door",move the red key and go to the purple key,put the grey ball next to the blue key and go through the blue door,go to the purple key and find the purple ball,go to the green ball,pick up the red ball and put it beside the yellow box,go to the red box,go to the purple key,1,pick up the green box and place it beside the green ball,go to the grey ball,find and go to the red ball,go to a grey ball then go to a grey key,3,"pick up and drop a blue key, go through a green door, purple, yellow door, green door, green door, green door, pick up green key, go through blue doorpick up a green key","go through red door, grey door, blue door, grey door, pick up yellow box, go to grey ball","go through grey door, grey door, move purple ball, go through purple door, open green door, go through green door, green door, move yellow ball","pick up and drop yellow box, go to red door",2,"open red door, move blue ball, go through green door, go to purple ball","go through purple door, pick up grey box, go through grey door, blue door, go to red ball, go through green door, green door, backtrack through last three doors, open green door, head to green key","go through grey door, purple door, blue door, purple door, move grey ball, pick up blue key, drop blue key beside yellow box, go through grey door, pick up red box","go through blue door, go to yellow door, go to yellow box pick up green box, go to yellow box","go through red door, red door, pick up and drop red box, go to blue key, go through blue door, blue door, backtrack through last two doors, go through ppurple door, go to grey ball",,I found this to be pretty difficult.  Often the 'bot' seems to just wander around or didn't stop at a specific place in the end.,26905
2021-02-24 19:49:34,2021-02-24 20:09:44,IP Address,72.192.116.178,100,1210,TRUE,2021-02-24 20:09:44,R_p0Ja62eWyX8Gp33,,,,,36.0529937744141000,-95.7335968017578000,anonymous,EN,go to the red ball.,get the purple key.,go to the blue key and unlock the door.,go to the blue key.,go to the green door.,go to the blue door.,go to the yellow circle and to the blue door.,open the blue door grab the red key and then grab the purple key.,grab the grey circle open the blue door and go to the green key.,open the yellow door then open the green doors and grab the green box,go to the green ball.,grab the red ball and put it next to the yellow box.,go to the red box.,go to the purple key.,1,pick up the green box and put it next to the green ball.,go to the grey ball.,go to the red ball.,go to the grey key.,3,pick up the green key and go to the blue ball.,grab the yellow box and go to the purple key.,go to the yellow door.,go to the red door.,2,go to the purple ball.,grab the grey box and then the green key.,grab the blue key and put it next to the yellow box.,grab the green box then go to the green door.,go to the grey ball.,1,,22282
2021-02-24 19:49:21,2021-02-24 20:15:02,IP Address,64.83.232.16,100,1540,TRUE,2021-02-24 20:15:02,R_2TH7Jjv4Cg0GLoo,,,,,44.04840087890630,-92.4947967529297000,anonymous,EN,turn right to go ahead for three steps and then turn right,go to the right-down corner,use the blue key open the blue door and exit,pick up the blue key,open the yellow door,open all green doors,pick up and put the yellow ball,go to the purple key,"put the gray ball near the blue key, then open the blue door",go to the purple ball,go to the green ball,put the red ball near to the yellow box,"open the blue door, then go to the red box",go to the purple key,1,put the green box near to the green ball,go to the nearest gray ball,"open the purple door, then go to the red ball","open the gray door, and then go to the gray key",3,"open the green door, the pick up the green key","open the purple door, then pick up the yellow box","open the green door, pick up the yellow ball, then go to the yellow door",go to the red door,2,"open the red door, and then open the green door, go to the purple ball","open the purple door, pick up the gray box, and then open the green door","put the blue key near to the yellow box, and then pick up the red box",pick up the green box,go to the gray ball,4,none,49573
2021-02-24 19:54:23,2021-02-24 20:18:02,IP Address,172.119.172.103,100,1419,TRUE,2021-02-24 20:18:03,R_2pS6matehvtiPaS,,,,,34.1251068115234000,-117.8556976318360000,anonymous,EN,move the cursor to ball,move forward and backward,go to blue key and blue box,pick up blue key,pick up blue box and another blue box,oopen green door,pick yellow ball ,open the door and pick red key,pick green ball and blue key,open the door and second door and green door,pick green ball,pick red ball,open three doors and pick red ball,pick purple key,1,go to green door,go to purple ball,open green door and pick up red ball,open two doors and pick up key,3,open door and pick up blue balls,open the door and move around ,open the door and pick blue ball,go to red door,2,open the door and pick blue ball,open the door and go to green door,open the door and pick up blue key and close the red door,open the door and close the green door,open green and red doors,3,,30040
2021-02-24 19:53:08,2021-02-24 20:21:19,IP Address,108.64.75.194,100,1691,TRUE,2021-02-24 20:21:20,R_CeufisSlwN24g7v,,,,,38.0662994384766000,-122.165496826172000,anonymous,EN,Go straight and turn right near the circle,go to the purple key,"go to the blue key, then open the door, drop the key off, and go to the purple door",pick up the blue key,go to the green door,open green doors,go to the blue door,go to blue key,"pick up ball, put down, go through door","go through yellow door, go through green door, go to green box, pick up, put down, ",go to green ball,pick up red ball and put near yellow box,go through blue door to red box,go to purple key,1,take green box and put it near green ball,go to gray ball near yellow ball and red box,go through purple door to yellow ball,go to gray key,3,"go through green door, get green key, go through blue door, go to blue ball",get yellow box and go to purple key,"pick up yellow ball, put down, go to green door","pick up yellow ball, put down, go to red door",2,"open green door, go to purple ball",go to gray boxes,get red box,get green box,go to gray ball,4,None.,96921
2021-02-24 19:57:38,2021-02-24 20:22:11,IP Address,73.135.17.30,100,1472,TRUE,2021-02-24 20:22:11,R_2DSOiJEA3U6Tgoy,,,,,39.3361053466797000,-76.53890228271480000,anonymous,EN,"Turn right, move forward 3, turn right moe froward 1",go to the purple key,Got to blue key then open gate and get purple book,drop blue key,open green door,go through a few doors,pick up and drop yellow ball then go to blue door,go through yellow door then pick up and drop orange key,pick up grey ball place next to blue key then go next to green key,go trough yellow door than a purple one then get and move green box,move to green ball,drop red ball next to yellow box,stand next to red and green box,stand next to purple key,1,pick up green box and put it next to green ball,move to grey ball and red box,stand next to red and grey ball,stand next to grey key,3,find green key then go to grey box,pick up yellow box and move to purple key,move yellow ball from blocking yellow door,"pick up and drop yellow box, then stand next to red door",2,stand next to purple ball,pick up grey box and move next to other grey box,pick up blue key and move to yellow box then pick up orange box,pick up green box,find grey ball,4,,40312
2021-02-24 19:51:19,2021-02-24 20:22:49,IP Address,73.87.198.102,100,1889,TRUE,2021-02-24 20:22:49,R_3dWH5JYUjy2Lb3N,,,,,38.960906982421900,-77.34290313720700000,anonymous,EN,Turn right Move forward 3 times and turn right,go to the purple key,got to all objects,got oblue key,,,,,,,go to green ball,go to red ball,Go to the red box near to green box,go to purple key,1,Take the green box and bring it to the starting position,Go to grey ball,go to red ball,go to the grey key,3,go to the green ball,Move the yellow box,go to the yellow ball,Go to the purple ball near red box,2,Go to purple ball near to purple box,Go to the green key,Go to the yellow key,Go to the Green door,Go to the grey ball,3,,76316
2021-02-24 20:12:33,2021-02-24 20:29:10,IP Address,67.8.193.168,100,997,TRUE,2021-02-24 20:29:10,R_DGA098RC9RaF0uR,,,,,28.902496337890600,-81.2480010986328000,anonymous,EN,go up 3 times and go right 1 time,go to the purple key,go the purple key,go to the blue key,go to the yellow key,go to the green door,go to the blue door,go to the blue door,go to the purple key,go to the green key,go to the green circle,go to the yellow door,go to the red door,go to the purple key,1,go to the green door,go to the gray circle,go to the red circle,go to the gray key,3,go to the blue ball,go to the purple key,go to the bottom middle door,go to the purple circle,5,go to the purple circle,go to the green key,go to yellow key,go to green door ,go to gray ball,3,,78658
2021-02-24 20:08:41,2021-02-24 20:32:51,IP Address,162.211.151.73,100,1450,TRUE,2021-02-24 20:32:51,R_9ouWYSqyc5Zk1Vf,,,,,33.9779052734375,-118.4524993896480000,anonymous,EN,"Walk to the orange circle, and turn to face it.",Walk to the purple key.,Go to the purple window.,Drop the blue key next to the purple box.,Open the green door.,Go to a blue door.,Go to a yellow ball and go to a blue door.,"Pick up a red key, then go to a purple key.","Bring the grey ball to the blue key, then go to a green key.",Find a purple ball after moving a green box.,Go to the green ball.,Drop the red ball by the yellow box.,Go to a red box.,Go to the purple key.,1,Drop the green box next to the green ball.,Go to the grey ball.,Go to a red ball.,Go to a grey key.,3,"Go to a grey box while carrying a green key, after picking up the blue key.","Go to a grey ball while carrying a yellow box, after picking up the green key.",Go to a yellow door.,Go to the red door.,2,Go to a purple ball.,Carry a grey box to a green key.,Move a blue key to  yellow box then carry a red box into the next room.,Carry a green box to a green door.,Go to a grey ball after picking up a red box.,3,"On some of the later tasks, it was hard to figure out what the robot's final goal was.",85862
2021-02-24 20:08:57,2021-02-24 20:33:26,IP Address,97.103.30.50,100,1468,TRUE,2021-02-24 20:33:26,R_30dWvsylrNtWP0h,,,,,28.902496337890600,-81.2480010986328000,anonymous,EN,Go to the red circle.,Go to the purple key,"go get the blue key and use it to unlock the blue door, then pick up the purple crate",move the blue key,open the green door,go to the blue door,pick up and drop the yellow ball and go to the blue door,move the red key then go to the purple key,"put the grey ball near the blue key, then go though the blue door",go to the purple ball,go to the green ball,put the red ball next to the yellow box,go to a red box,go to the purple key,1,put the green box next to the green ball,go to a gray ball,go to the red ball,go to a gray key,3,pick up a green key and go to a blue ball,pick up a yellow box and go to a gray ball,go to a yellow door,pick up the yellow box and go to the red door,2,go to a purple ball,"pick up the gray box, then go to the green key","put the blue key near a yellow box, then pick up a red box","go to a yellow door, then pick up a green box","pick up a red box, then go to a gray ball",3,Thank you!,12716
2021-02-24 19:59:06,2021-02-24 20:34:09,IP Address,174.138.179.182,100,2102,TRUE,2021-02-24 20:34:09,R_wKO60FlfLG0K5Et,,,,,40.70660400390630,-74.20269775390630,anonymous,EN,Turn left move forward 4 blocks and turn left again,go to the purple key without touch any other object ,go the the purple square after getting purple key,Pick up the blue key,go to the room which have yellow ball,go to the blue door,pick and drop yellow ball and go to the blue door,"open yellow door, pick red key and drop it near yellow box , open blue door",put gray ball near blue key and open blue door,"Open yellow door and blue door, then go to the green box move the box and go to the blue ball",go to the green ball,put red ball near yellow box,open purple door and go to the red box,go to the purple key,1,put green box near green ball,go to the gray ball,go to the red ball after open the green door,go to the gray ball and go to the gray key,3,pick green key and go to the blue box,pick up the yellow box and go to the gray ball,"open green door, move blue ball and open yellow door after move yellow ball",go to the red door after touch yellow box,2,move blue ball and go to the blue door,pick gray box and go to the green key,put blue key near yellow box and pick red box,pick green box after open yellow door,touch the red box and go to the gray ball,3,It was interesting,50537
2021-02-24 20:21:51,2021-02-24 20:40:57,IP Address,76.89.95.33,100,1146,TRUE,2021-02-24 20:40:58,R_232FuFIIV2HFleE,,,,,33.6403961181641000,-117.92259979248000000,anonymous,EN,go to the red ball,go to the purple key,pick up the purple box,put the blue key next to the yellow ball,opoen the green door,go to the red box and go to the blue door,"pick up a ball, then open the blue door",pick up the purple key after you open the blue door,"put the grey ball next to a key, then open a door and go to the green key","pick up a blue ball and go to a purple key, then pick up the green box and go to the purple ball",go to green ball,pick up the red ball,open three door and go to red box,go to purple key,1,pick the green door and place it at starting,go to ball and next to black ball,open five doors to reach red ball,go to black ball and next go to purple key,3,pick blue key and open the door,open the door and pass on through doors and pick the box,open the door and pick the blue ball,open the red door,2,open the door and go blue ball,open green door and then enter blue door ,pick up the blue key,go to green door,open red door and pick the red box,3,,87077
2021-02-24 20:20:00,2021-02-24 20:45:44,IP Address,71.223.180.219,100,1544,TRUE,2021-02-24 20:45:44,R_2yawW0un2MLu6a6,,,,,33.5594024658203000,-112.09020233154300000,anonymous,EN,go up,get purple key,use blue key in door to get to purple window,move blue key,open green door,go to blue door,get yellow ball and go to blue door,open yellow door and blue door,put grey ball by blue key then open blue door,open the doors,go to green ball,put red ball by yellow box,go to red box,go to purple key,1,put green box by green ball,go to grey ball,go to red ball,go to grey key,3,go to blue ball,take yellow box to purple key,move yellow ball,go to red door,2,go to purple ball,go to green key,take red box,take green box to green door,go to grey ball,2,n,98496
2021-02-24 20:15:41,2021-02-24 20:47:16,IP Address,99.145.225.79,100,1895,TRUE,2021-02-24 20:47:17,R_3FPTJIESjDVgUlE,,,,,34.0782012939453000,-84.64849853515630,anonymous,EN,Get to the red ball,go to the purple key,"Go to the blue key, then to blue box and then to purple box",Go to the blue key,pick up the green box,go to the green door,open the yellow door,pick up the red key and put next to the red box,open the blue door,go through the green door pic the green box and put next to red key,go to the green ball,pick the red ball and put next to yellow box,go through blue door and then to the the red box,go to the purple key,1,pick the green box and put next to the green ball,go to the gray ball next to the yellow ball,go to the red ball,go through the gray door to the gray key,3,Go to the purple box,pick the yellow box and go to the gray ball,pick the yellow ball and move it to your right,go to the red door,2,go to the purple ball through the green door ,go to the green key through the green door,pick the red box,go through the blue door and pick the green box,go to the gray ball,5,"instructions were not clear when the robot stops in the middle of the objects. Also, it was not clear what instruction to give when the object is just move one square up or side way.",25078
2021-02-24 20:18:17,2021-02-24 20:47:57,IP Address,179.190.222.10,100,1780,TRUE,2021-02-24 20:47:57,R_2e8ry7BaS0uMri3,,,,,-5.81689453125,-35.2292938232422000,anonymous,EN,"Turn up, climb 3 squares, turn right and walk one square",Go to the purple key,Open the door,Place the blue key next to the purple box,Open the green door ,Go to a blue door ,Go to the yellow ball and then to the blue door,Go to a purple key,Place the gray ball next to the blue key and then go to the green key,Look for the purple ball,Go for the green ball,Take the red ball and place it next to the yellow box,Go to the red box,Go to the purple key,1,Take the green box and place it next to the green key,Go to the gray ball,Go for the red ball,Go to the gray ball and then to the gray key,3,"Take the blue key, release it and then take the green key","Take the green key, release it, take the yellow box and go to the purple key",Take the yellow ball next to the yellow door,"Take the yellow box, release it and go to the red door",2,Go for the purple ball,Take the gray box and look for another gray box,"Take the blue key, place it next to the yellow box and take the red box",Take the green box and take it near the green door,"Take the red box, release it and go to the gray ball",3,,39212
2021-02-24 20:01:28,2021-02-24 20:50:22,IP Address,103.114.211.90,100,2933,TRUE,2021-02-24 20:50:22,R_1kFH2IpFtkUSqLY,,,,,11.01019287109380,76.9700927734375,anonymous,EN,moving to upper direction  ,moving upper and down side and to key box ,up and down movies and closer to box and key ,movies to right and left side and up and down side for nearest to box and key box,red point moving fast ,red point movies to up and down direction ,point movies to nearest yellow point,points moved up and down and right turn and left turn ,up and down movies there direction,key are movies to on place to another place ,red circle moved to green circle ,point moved to red ball ,point moves to up and down an right and left sides,point moved to yellow circle ,1,its moved to green and gate and next moved to green ball,up and down moved to ball and gate ,red point its moved to up and down and right and left side of gate and ball ,red point moves to up and down and all gate are closed ,3,point near to blue and red key  and yellow gate opens movies there own direction with green gate to moved,point movies up and down and right and left green& yellow gate open,point are up and down direction with own way gate or locked in yellow ball ,yellow gate blocked and turn to right side of angle ,2,gate open with red ,red point direct to different ball to open gate with own direction,red point go to up and down movies,red point go green gate and opens,red points moved to up and down direction open both gates,4,good,98034
2021-02-24 20:37:05,2021-02-24 20:53:52,IP Address,76.116.237.38,100,1007,TRUE,2021-02-24 20:53:52,R_1lzUQOtraRJhiCY,,,,,39.63800048828130,-74.772796630859400,anonymous,EN,Go straight and make a right when you hit the wall. ,Go to the purple key,Go to the blue key and then the purple box,Pick up the blue key,Open the green door,Go to the blue door,Pick up and drop the yellow ball and then go to the blue door,Pick up the red key and open the blue door,Move the gray ball and then open the blue door,Go through the blue door and move the green box. ,Go to the green ball,Place the red ball next to the yellow box,Go to the red box. ,Go to the purple key,1,Place the green box next to the green ball.,Go to the gray ball. ,Go to the red ball. ,Go to the gray key. ,3,Pick up the green key and go to the purple box,Go to the room with the purple key and green key. ,Move the yellow ball away from the door. ,Stand next to the red door. ,2,Go to the purple ball. ,Open the green door that leads to the green key. ,Pick up the red box,Pick up the green box and head to the green door. ,Open the purple door and head to the gray ball. ,1,I found the task to be straightforward. ,72038
2021-02-24 20:17:01,2021-02-24 21:00:52,IP Address,35.138.76.64,100,2631,TRUE,2021-02-24 21:00:53,R_3KPiEaFYCc8oh5T,,,,,28.0330963134766000,-81.9391021728516000,anonymous,EN,Move to the left side of the red circle and point to it.,Go to the purple key.,Go to the blue key and use it to unlock the door.,Get the blue key,Go to the next room to the right,Go to a purple door,Go to the yellow ball and then the blue door.,Pick up the red key and place it next to the yellow box and open the purple door.,Put a ball  next to the blue key and then pick up the green key,Move the green box to another room.,go to the green ball,Pick up the red ball and take it to the yellow box,Go to a red box,Go to a purple key,1,Pick up the green box and take it to the green ball,go to the grey ball,go to the red ball,open a grey door and go to a grey key,3,pick up a green key and open a blue door,pick up a yellow box before opening a grey door,pick up a purple ball before picking up a yellow ball,pick up a yellow box before opening a red door,2,pick up a blue ball before opening a green door,pick up a grey box before opening three green doors,take a blue key to a yellow box before picking up a red box ,open a blue door and pick up a green box,pick up a red box before going to a grey ball,3,none,58232
2021-02-24 20:34:07,2021-02-24 21:01:03,IP Address,173.79.40.200,100,1615,TRUE,2021-02-24 21:01:03,R_skgsqawjHqmIJnH,,,,,39.082794189453100,-77.16739654541020000,anonymous,EN,Go up three spaces and then turn right.,Go to the purple key,"pick up the blue key and use it to open the blue door, drop the key and pick up the purple box.",move the blue key,open the green door.,go to the blue door.,pick up and drop the yellow circle and then go to the blue door.,pick up red key and then go to the purple key.,pick up grey ball and then open blue door.,"open yellow door, purple door, green door, purple door, green door, blue door and then go to purple circle.",go to the green ball,pick up red ball and put it next to yellow box.,open blue door and then go to the red box.,go to purple key,1,pick up green box and put it above the green ball.,go to grey ball.,open purple door and go to the red ball.,open grey door and then go to grey key.,3,pick up green key and go to the blue ball.,pick up the yellow box and then go pass the open blue door to the purple key,go to the yellow door,go to the red door.,2,go to the purple ball,go to the grey box,pick up blue key and put it next to the yellow box and pick up red box and go to blue door,pick up green box and go to green door.,go to grey ball,4,I have no additional comments.,55062
2021-02-24 20:14:18,2021-02-24 21:07:08,IP Address,67.172.52.203,100,3170,TRUE,2021-02-24 21:07:08,R_cUSNYm0IMdRKno5,,,,,41.4355010986328000,-79.690399169921900,anonymous,EN,Move to the red circle.,Get the purple key.,Open the locked blue door and then go to the purple box.,Move the blue key beside the purple box and above the yellow ball.,Open the green door.,Open a red door.,Pick up the yellow ball and put it back down then go to the blue door.,Move the red key diaganol from the yellow box and then go to the blue door.,Put the gray ball next to the blue key then go to the green key,Open the purple door then go to the purple ball.,Go to the green ball.,Place the red ball by the yellow box.,Go to a red box.,Go to the purple key.,1,Pick up the green box and put it next to the green ball.,Go to a gray ball.,Go to the red ball.,Go to a gray ball then go to a grey key.,3,Pick up and carry the green key then go next to the blue ball and purple box.,Pick up the yellow box and carry it and go next to the purple  key by the gray ball.,Go to the yellow door.,Pick up the yellow box then go to the red door.,2,Go to the purple ball.,Take a gray box and go next to the green key.,Put the blue key next to the yellow box then take the red box and go to the blue door.,Take a green box and then go to the green door.,Pick up the red box then go to the gray ball.,4,"Some of the videos when they end show a tiny bit of a new environment which was confusing. In the training you say pick up for both picking up a box and putting it right back down, and when the robot picks up the box and moves with it. I tried to follow what the training did, but it was kind of confusing. Sometimes it wasn't always clear what the final action was as the video ends instantly.",21335
2021-02-24 20:47:24,2021-02-24 21:10:20,IP Address,98.208.23.218,100,1375,TRUE,2021-02-24 21:10:20,R_A5p8mNsEpgqC7DP,,,,,39.727203369140600,-121.812896728516000,anonymous,EN,"Up three squares, then to the right one square",Go to the purple key,Go to the key,Move the blue key,Go to the room with the yellow ball,Go to the blue door,Go to the yellow ball and go to the blue door,Go through the yellow door then go back and move the red key and go through the blue door to the purple key,Pick up the grey ball and put it by the blue key,"Go through the blue door, move the green box and go to the purple key",Go to the purple ball then the green ball,Put the red ball by the yellow box,Go to the red box,Go to the purple key,1,Put the green box by the green ball,Go to the grey ball that's by the yellow ball,Go through the purple door to the red ball,Go to the grey key,3,Go through the blue door to the blue ball,Pick up the yellow box and go to the room with the green and purple key,Go through the green door and pick up the yellow ball,Pick up the yellow box then go to the red door,2,Move the blue ball then go through a green door to the purple ball,Go through a green door to the room with the green key,Pick up the red box,Go through a blue door and pick up a green box,Go through a purple door to the grey ball,2,"This was kind of fun, thanks!",90969
2021-02-24 20:15:22,2021-02-24 21:11:59,IP Address,45.4.199.17,100,3397,TRUE,2021-02-24 21:12:00,R_3DkzkE0u2gN744x,,,,,40.75030517578130,-74.00140380859380,anonymous,EN,go to the red ball,go to the purple key,pick up the purple nox,put the blue key and next to the yellow ball,open a green door,go to the red box and reach the blue door,pick up a ball and open the blue door,pick up the purple key after open the blue door,"put the grey ball and next to a key and open a door ,go the green key",pick up a bal and go to the purple key.pick up the green box and go to the purple ball,go to the green ball,go to the red ball ,go to the purple door after reach the red door,go to the purple key,1,put the green door,go to the grey ball,go to the yellow door and open a door.again go to the yellow door and reach the purple door,open a door and reach the grey key,3,"put the blue key and go to the green door.open the purple door and reach the yellow door,pick up the green door put the green key ","go to the red door and pick up a door ,after reach the blue door and go to  the green door",pick up a door and put the purple ball.pick up a green door after reach the yellow ball,go to the grey ball,2,go to the red door and reach the blue ball,go to the purple door and reach the blue door after a pick up the green doors and you will reach the green key,go to the purple door and reach blue door.put  the grey ball and after put the blue key.open a red door,go to the blue door and reach red door,pick up a red doors and go to the blue doors .go to  the grey ball,2,good,46092
2021-02-24 19:54:58,2021-02-24 21:13:27,IP Address,68.198.160.172,100,4708,TRUE,2021-02-24 21:13:27,R_1yMaRBU3dL6KXYJ,,,,,40.8878936767578000,-73.008697509765600,anonymous,EN,up andright,go to the purple key,"go to the blue key, and then to the blue box and then to the next box",go to the blue key,go to the blue key,open the green doors ,go to the yellow ball,pick up the green ball and open the red door ,drop the grey balll beside the blue key and open the geen door,move the green box and stsy next to the red box,go to the green ball,pick up the red ball and go to the yellow box,go to the red ball abd go to the purple box,go to the purple key,1,pick up the green box and drop it by the green ball,go to the grey ball,go to the red ball,go to the grey key,3,pick up the green key and go to the purple box,pick up the yellow box and go to the purple key,pick up the purple ball and go to the yellow ball,pick up and drop the yellow box and go to the purple ball,2,pick up the blue ball and go to the purple ball,pick up the grey box and go to another grey box,"move the grey ball , move the blue key to the yellow box and pick up the red box",pick up the green box ,go to the grey ball,4,interesting task,89044
2021-02-24 20:29:42,2021-02-24 21:13:37,IP Address,73.218.7.246,100,2635,TRUE,2021-02-24 21:13:37,R_2AYXc54PfBfccKm,,,,,41.53619384765630,-72.0832977294922000,anonymous,EN,Go to the red circle.,Grab the purple key,unlock the purple chest,move the blue key,Go through the southern green door,Go through the blue door,Go to the yellow circle and go to the blue door,"Place the red key next to the yellow box, then go to the purple key","Drop the grey ball next to the blue key, then go to the green key.","Go through a yellow door, then pick up the green box and place it next to the red key.",Go to the green ball,Place the red ball next to the yellow box,Go to a red box.,Go to the purple key,1,Pick up the green box and place it next to the green ball,Go to the red box,"Go through the green door, then go to the red ball","Go to a grey ball, then go to a grey key",3,"Pick up the blue key, then pick up the green key and go to a purple chest","Pick up a green key, then go to a green chest, then pick up a gold chest","Move a purple ball, then move a yellow ball.","Pick up the yellow chest, drop it, and go to the red door",2,"Move the blue ball, then go to the purple ball","Pick up a grey chest, then go to a grey chest","Move a grey ball, then place the blue key next to a yellow box, then pick up the red box",Pick up the green box,"Pick up and drop a red box, then go to a grey ball",3,"Several videos failed to load towards the end of the study, necessitating using Youtube.",93790
2021-02-24 19:49:46,2021-02-24 21:14:38,IP Address,161.35.141.121,100,5092,TRUE,2021-02-24 21:14:38,R_UQQDsoBjfYEQNJD,,,,,40.836395263671900,-74.14029693603520000,anonymous,EN,Take the red triangle three steps up.,Go to the purple key,go to the purple key and open the blue door,pick up the blue key,get to the box with yellow ball,open all green doors,open the blue door,open the blue door,pick the ball place it next to blue key and open the door,open rhe green gate open get to the blue box,go to green ball,take the red ball next to red box,go to green box,go to the purple key,1,go to the green box,go to the grey ball,open the door to the yellow ball and door to the red ball,go to a grey key,3,take the green key to where there is a green ball,take the yellow box,pick the yellow ball,go to the purple ball,2,go to the purple ball,go to the green key,take the blue key next to the  yellow box,take the green box,go to the grey ball,4,thank you for the opportunity.,43243
2021-02-24 20:07:13,2021-02-24 21:18:35,IP Address,172.58.136.216,100,4282,TRUE,2021-02-24 21:18:35,R_33wmVZXoel6o1Rf,,,,,41.6963043212891000,-87.65760040283200000,anonymous,EN,Go up three steps then turn right.,Go to the purple key.,Use the blue key on the blue door.,Open the purple box.,Go to the green door.,Open the blue door.,Got the yellow dot then open the blue door.,Open the purple door.,Place the gray ball next to the blue key then grab the green key.,Go to the room with three boxes.,Go the next to the green ball.,Place the red ball next to the yellow box.,Go next to the red and green boxes.,Go next the the purple key and yellow ball.,1,"Place the green box between yellow box, yellow ball, and green ball.",Go to the left of red box.,Go next to the red and gray balls.,Go the the nearest gray key.,3,Grab the green key then go to the nearest blue ball.,Grab the yellow box then go to the gray ball.,Open the yellow door.,Go between the red door and purple ball.,2,Open the blue door.,Open all the green doors and then grab the green key.,Grab the red box then go to the gray ball.,Open the yellow door then grab the green box.,Reach the red box then go to the gray ball.,2,Great.,20498
2021-02-24 21:19:48,2021-02-24 21:50:49,IP Address,173.49.144.21,100,1860,TRUE,2021-02-24 21:50:49,R_1ibrZIH4pPxBBGa,,,,,40.6027069091797000,-75.4777984619141000,anonymous,EN,very interesting,very useful red ball,red ball go to purple,red ball go to blue key,red ball go to green box,red ball go to green key,red ball go to yellow ball,red ball go to purple key,red ball go to red key,red ball go to purple ball,red ball go to green ball,red ball go to red ball,red ball go to red door,red ball go to purple key,2,robot go to green door,robot go to ash ball,robot go to red ball,robot go to ash key,1,robot go to blue ball,robot go to purple key,robot go to red ball,robot go to ash ball,5,robot go to purple key,robot go to green key,robot go to red door,robot go to green board,robot go to red ball,3,very useful,37757
2021-02-24 20:57:43,2021-02-24 21:55:13,IP Address,157.51.95.206,100,3450,TRUE,2021-02-24 21:55:13,R_1C3c64bEqKNQXlK,,,,,13.0579071044922000,80.192108154296900,anonymous,EN,go to red ball,go to the purple key,pick up the purple box,put the blue key next to the yellow ball,open a green door,open all green door,go to the yellow ball and open blue door,pick up the purple key after you open the blue door,"put the grey ball next to a key, then open a door and go to the green key","pick up a blue ball and go to a purple key, then pick up the green box and go to the purple ball",go to green ball,go to red ball,open all door and pick up red box,go to the purple kry,1,go to the  green box,pick up red box and go to gray ball, open the blue door and go to the red ball,open the door and pick up keys,3,"pick up green key, open the door",pick up the yellow box  after you open the door, pick up a yellow ball and go to open the door,pick up the yellow box then open the door,2,open the door then pick up a blue ball,open the all door and go to the green key then open the door,pick up red box and collect keys then open the door,go to the green box and open the green door,go to the box and keys and open the door,3,very interesting and gain knowledge survey,93582
2021-02-24 21:20:48,2021-02-24 21:57:53,IP Address,177.188.114.23,100,2225,TRUE,2021-02-24 21:57:54,R_1lzYsMFi2sPs01J,,,,,-23.4947052001953000,-46.8661956787109000,anonymous,EN,head north until the end the turn east,go to the purple key,open the blue door with the blue key to meet the purple square,take the blue key to the yellow circle,open the green door,scan six rooms,go to the yellow ball then go to the blue door,open the yellow door then go to the purple key,"pick the grey ball then put it near the blue key, then go to the green key",go through all doors but one,go to the green ball,put the red ball next to the yellow square,go to the closest red square,go to the purple key,1,put the green box next to the green ball,go to the closest grey ball,go to the red ball,go to the closest grey ball then go to the grey key,3,"pick up the blue key, put it down, then pick up the green key and go to the blue ball",pick up the yellow box the go to the grey ball,"pick up a purple ball, put it down, then pick up a yellow ball and put it down",go to the red door,2,go to the purple ball,pick up the grey square then go to the green key,pick up the blue key and put it next to the yellow square then pick up the red square and go to the grey ball,"go to the yellow door, pick up the green square then go to the green door",pick up the red square and put it down then go to the grey ball,3,nice AI :),66290
2021-02-24 21:19:36,2021-02-24 22:15:57,IP Address,103.25.46.30,100,3381,TRUE,2021-02-24 22:15:57,R_2CNf2BTDadO8uN4,,,,,11.4557037353516000,77.47601318359380,anonymous,EN,move forward,go straight 3 blocks and turn left move forward one block,back 2 block and get down,move forward one block and turn left move forward ,move 3 block and turn right,  move forward turn right ,go straight and turn right reach the red box ,turn right pick up the ball get back to the door ,go straight pick up the key and get back to the door ,go to the ball and open the door and get the key ,pick up the green ball,pick up the red ball and go to the red door ,open the purple door and go to the another purple door ,pick up the purple key ,1,pick up the green box ,pick the grey ball ,open the blue door pick up the grey key,pick up the grey key ,3,open the green box and pick up the green key ,open the blue door pick up the green box ,open the green door pick the blue ball and get down the ball and open the door pick up the yellow ball and get down the ball ,open the blue door ,2,open the red door pick up the blue ball and get down the blue ball ,pick up the grey box open the door and open the blue door and open the both green door,open the blue door pick up the grey ball down the grey ball pick up the blue key and down the key ,pick up the green box ,open the red door pick up the grey ball ,3,good study ,10481
2021-02-24 21:19:42,2021-02-24 22:38:00,IP Address,49.37.209.191,100,4698,TRUE,2021-02-24 22:38:00,R_2q1LdTQpXENQAhI,,,,,13.0579071044922000,80.192108154296900,anonymous,EN,you can right but arrow right side you are win the goal,in the actions is good but light up your are win the goal,its awesome the purble key goal win ,the goal is purble key reached ,red arrow reached to green box,red arrow reached to green box ,red arrow reached to yellow ball,pick up the 3 blue door and win the goal,red arrow reached to blue door,red arrow reached the green door,the red arrow go to the green box,put the red ball in red arrow,red arrow reached to red door,red arrow reached out the purple key,1,red arrow reached to green door,put the gray ball reached to the red arrow,four door open and reached the red door to red arrow,put the gray ball and three door open out the gray ball reached red arrow,3,red arrow open teh three door and reached to purple key,four door open the red arrow and reached gray ball,fourdoor open the red arrow and reached the purple ball and yellow ball,red arrow can not reached the ball and doors,5,red arrow reached the blue ball,red arrow reached to gray door,red arrow open the three door and  reached the gray ball and yellow key,open the one door and yellow door reached to red arrow,red arrow open the 4 door and reached to red door and blue key,1,good,50726
2021-02-24 21:41:09,2021-02-24 22:42:16,IP Address,73.143.88.218,100,3667,TRUE,2021-02-24 22:42:17,R_1EYRQCLQYJfjbjJ,,,,,41.493896484375,-73.05169677734380,anonymous,EN,move next to and face the ball,move to the purple key,"pick up the blue key, open the blue door with the blue key, drop the blue key, and then pick up the purple box.",move the blue key to between yellow ball and purple box ,open the green door,go to the blue door,pick up and drop the yellow ball then go to the blue door,open the yellow door then go to the purple key,place the gray ball next to the blue key then go to the green key,open the purple door then move the green box into the room with the red key,go to the green ball,pick up the red ball and place it next to the yellow box,go to the red box,go to the purple key,1,place the green box next to the green ball,go to the gray ball,open a green door then go to the red ball,go to a gray ball then go to a gray key,3,pick up and drop a blue key then pick up a green key and go to a blue ball,pick up and drop a green key then pick up a yellow box and move to a gray ball,go to the yellow door,pick up and drop the yellow box and then go to the red door,2,go to the purple ball,pick up a gray box then go to the green key,place the blue key next to the yellow box and then pick up a red box and go to a blue door,pick up a green box and go to the green door,pick up and drop a red box then go to the gray ball,2,"Just a small suggestion but it might be helpful to directly host the robot videos on Qualtrics rather than have them embedded in the study via YouTube. I frequently paused and rewatched the videos to ensure that I didn't miss anything and every time that happens on YouTube, a banner pops up with suggested videos. It gets repetitive to manually dismiss that suggested video banner again and again in order to see the map. I think all browsers nowadays can play .mp4s directly in them and so it could be useful to bypass hosting videos on YouTube entirely. Additionally, the video compression (likely the result of YouTube) made it a bit hard to discern between the yellow and green objects. The green ended up a bit too yellow-green. Perhaps a more contrasting color like magenta could be used.",77628
2021-02-24 21:41:18,2021-02-24 22:49:54,IP Address,98.231.137.130,100,4116,TRUE,2021-02-24 22:49:54,R_3ndBnBOgxrixjqH,,,,,39.6248931884766000,-75.8350982666016000,anonymous,EN,go straight and turn right,go to the purple key,go to the blue square,go to the purple key,move around the cell,unlock doors,go to the yellow ball,pick a ball and move to the door,move to the blue door,go to the green door,go to the green ball,take the red ball and put it in the yellow door,open the blue doors and go to the red square,go to the purple key,1,pick the green box and put it in front of green ball,go to the grey ball,open the doors and go to the red ball,open the doors and go to the grey key,3,go around and  find the green key and pick the key and put it in the grey box,take the red box and put it in the grey ball,shift the balls that near the doors,move to the red door,2,pick the blue ball and move to the next sell,pick the grey box and put it on the last sell,take the blue key and put it in the yellow box,open the blue door and pick the green box,open the red doors and move to the grey ball,3,na,45904
2021-02-24 22:19:20,2021-02-24 22:51:27,IP Address,49.205.82.150,100,1926,TRUE,2021-02-24 22:51:27,R_2Spp19004qDGoNp,,,,,13.0579071044922000,80.192108154296900,anonymous,EN,go to the red ball,go to the purple key,open to the boxes,go to the blue key,pick up the yellow box to go to the yellow and blue key finally pick up the green box,open a green door,pickup the yellow color open a blue door,open a door then pick up the red key,open the blue door then pickup a green key,open the doors then finally reach the blue key,pick up the purple ball then reach green ball,pick up the red ball and red key then reach red ball,"open the grey door and purple door ,blue door then reach the red door",pick up the  purple key,1,open the green door then reach green door,pick up the red door then reach the red ball,open the green door,open the grey door,3,pick up the blue key,open the grey door,open the green door ,go to the yellow door,2,open the green door,open the green door,open the purple door,open the blue door,open the red door,3,good,55020
2021-02-24 22:00:02,2021-02-24 22:53:07,IP Address,49.205.82.150,100,3184,TRUE,2021-02-24 22:53:07,R_1ILxmvhrysBNMjp,,,,,13.0579071044922000,80.192108154296900,anonymous,EN,"YES,ROBOT GIVES INSTRUCTIONS",GO TO THE KEY,GO TO THE BLUE BOX,PICK UP THE PURPLE KEY,PICK UP THE BLUE KEY,OPEN THE TWO YELLOW DOORS,GO TO THE YELLOW BALL,OPEN THE DOOR AND PICK UP THE KEY,GO TO THE PURPLE KEY AND PICK UP YELLOW KEY,OPEN THE DOOR AND GO TO THE PURPLE KEY AND THEN PICK UP PURPLE BALL,GO TO THE GREEN BALL,GO TO THE RED BALL,PICKUP THE GREW BALL AND GO TO THE DOOR,GO TO THE PURPLE KEY,2,OPEN THE GREEN DOOR,GO TO THE GREW BALL,OPEN THE THREE GREEN DOOR AND GO TO THE  RED BALL,PICKUP THE GREW BALL,3,GO TO THE PURPLE KEY AND OPEN THE FOUR GREEN DOOR THEN REACH THE GREEN KEY,GO TO THE GREEN KEY THEN REACH GREEN DOOR,OPEN  THE DOOR AND PICKUP PURPLE BALL,GO TO THE PURPLE BALL,2,PICKUP THE PURPLE BALL,OPEN THE DOORS THEN AGAIN OPEN THAT SAME DOORS,PICKUP THE GREW BALL AND GO TO THE PURPLE KEY,OPEN THE GREEN DOOR,OPEN THE GREEN DOOR AND GO TO THE GREW BALL,3,GOOD,31898
2021-02-24 22:25:33,2021-02-24 23:04:00,IP Address,131.150.90.61,100,2306,TRUE,2021-02-24 23:04:01,R_6DOuIQ3bgjoW4HD,,,,,42.46380615234380,-123.346405029297000,anonymous,EN,Good try,Try Another way,Archive more,Nice Try,Different way,Search More,Go and enter blue box,Go and pick red ball,Enter blue box,Enter all the door,Go and pick green ball,Go and pick the red ball,Enter blue door go to red door,Go and pick the purple color key,1,Go to enter the green door,Go to pick Gray ball,Go to enter final stage in yellow door,Pick gray ball and enter near door,3,Go and enter the all door with out blue,Without yellow door all the door enter,Go enter near door final pick yellow ball,Just travel same block,2,Enter near door pick green ball,Enter the gray door then follow green door,Enter the door pick gray ball,Same block enter green door,Two block travel in enter red door,3,Very Interesting study,88424
2021-02-24 22:51:24,2021-02-24 23:13:24,IP Address,73.37.143.103,100,1319,TRUE,2021-02-24 23:13:24,R_277oL6NBAXwV5tV,,,,,45.128997802734400,-93.37529754638670000,anonymous,EN,Turn right and move forward to find the red circle.,Go to the purple key.,"Go to the blue key, open the blue door, go to the purple window.",Move the blue key.,Open the green door.,Go to the blue door,"Pick up and put down the yellow ball, then go to the blue door",Find a purple key,Move the grey ball then open a blue door,Go to the purple ball,Pick up a green ball,Pick up a red ball and place it next to a yellow box,Go to a red box,Go to a purple key,1,Pick up a green box and put it next to a green ball,Go to a grey ball,Go to a red ball,Go to a grey key,3,Pick up a green key then go to a blue ball,Pick up a yellow box then go to a grey ball,Go to a yellow door,Pick up and put down a yellow box then go to a red door,2,Go to a purple ball,Pick up a grey box then go to a green key,"Pick up and put down a blue key, then pick up a red box","GO through a blue door, then pick up a green box, then go to a green door","Pick up a red box, put it down, then go to a grey ball",2,,89629
2021-02-24 22:49:52,2021-02-24 23:39:30,IP Address,24.95.181.46,100,2977,TRUE,2021-02-24 23:39:30,R_3hnbOolfGWJ3SqM,,,,,38.473602294921900,-82.64129638671880,anonymous,EN,go to the red ball,find the purple key,"go to the blue key, pick up the blue key, unlock the blue door",place the blue key in front of the purple box,go to the green door,go to the blue door,pick up the yellow ball and go to the blue door,"pick up the red key, go to the purple key","put the grey ball by the blue key, go through the blue door",put the green box by the blue key,go to the green ball,put the red ball next to the yellow box,go to the green box,go to the purple key,1,put the green box next to the green ball,go to the grey ball,go to the red ball,go to the grey key,3,pick up the green key and go to the blue ball,pick up the yellow box and go to the grey ball,pick up the yellow ball and go to the yellow door,go to the red door,2,go to the purple ball,pick up the grey box and go to the other grey box,"pick up the red box, go to the blue door","pick up the green box, go to the green door",go to the grey ball,4,"It was difficult to decide which commands/actions to include in the last 5 or 6 videos.  I read the instructions, but I still wasn't sure what counted as a ""final"" action.  So, I usually included 2 final actions in the last set of videos.",69305
2021-02-25 01:47:41,2021-02-25 02:41:54,IP Address,170.84.48.254,100,3253,TRUE,2021-02-25 02:41:54,R_33CMMwgGtFJGMqM,,,,,-22.92010498046880,-43.3307037353516000,anonymous,EN,Explore the room in search of the red ball,Go to the purple key,Get the purple box,Place the blue key near the purple box,Open the green door,Open all doors that are found,Take the yellow ball and leave it in the same place then open the blue door,Change the red key location and open the blue door,Take the gray ball and leave it near the blue key then open the blue door,"Take the green box and put it in another room, then go to the purple ball",Go to the green ball,Leave the red ball near the yellow box,Go to the red box,Find the purple key,1,Drop the green box next to the green ball,Go to the gray ball,Find the red ball,Go to the gray key,3,Take the green key and go to the purple box,Take the yellow box and go to the purple key,Change the purple ball location and then change the yellow ball location,"Take the yellow box and leave it in the same place, then go to the red door",2,Change the blue ball location and then go to the purple ball,Take the gray box and go to the green key,Leave the blue key near the yellow box and take the red box,Take the green box and go to the green door,"Take the red box and leave it in the same place, then go to the gray ball",2,There is nothing I can add.,31623
2021-02-25 11:10:37,2021-02-25 11:35:23,IP Address,71.112.129.246,100,1486,TRUE,2021-02-25 11:35:23,R_1gOMSUBNj6bpeIo,,,,,40.329498291015600,-79.61440277099610000,anonymous,EN,go to red ball,avoid the keys and go to the ball,go to the blue key,go to the blue key,go to the green door,go through the blue door,click the yellow ball,grab the red key put in new place,pick up gray ball place near blue key,grab green box and go through blue door,go to the green ball,place red ball near the yellow box,go to the red box,go to the purple key,1,place the green box next to the green ball,go to the gray ball,go to the red ball,go to the gray key,3,"pick up and place the blue key, then pick up and hold the green key","pick up and put down the green key, then pick up and hold the yellow box","pick up and place the purple ball, then pick up and place the yellow ball",pick up then put down the yellow box,2,pick up and place the blue ball,pick up and hold the gray box,"pick up and move the gray ball back, then pick up the blue key and place it by the yellow box, then pick up and hold the red box",pick up the and hold the green box,"pick up and drop the red box, then go to the gray ball",3,"This was interesting and fun, but at times, I was a little confused on what to type.",48311
2021-02-25 11:05:13,2021-02-25 11:50:05,IP Address,73.169.119.154,100,2691,TRUE,2021-02-25 11:50:06,R_1BNTFMnp4iIKi2t,,,,,39.5883941650391000,-105.07759857177700000,anonymous,EN,Move upward three spaces and move right on space to get to target.,"move two spaces to right, move down three spaces, move right three spaces, move up one space for purple key",go to purple key and then go to purple box,go to purple key,go to green door,go to green key,go to yellow ball,go to blue door go to blue key,"go to gray bell, pick up blue key, go through blue door, pick up green key",go to blue door and pick up purple ball,pick up green ball,"pick up red ball, drop red ball above yellow box",go to red box,pick up purple key,1,"pick up green box, drop green box above green ball",pick up gray ball,pick up red ball,pick up gray key,3,"pick up green key, drop between yellow ball and blue door","pick up yellow box, drop at purple key","pick up purple ball, drop purple ball two spaces from fray door, pick up yellow ball, ",pick up purple ball,2,"pick up blue ball, drop blue ball two spaces from red door","pick up gray box, drop gray box at green key","pick up gray ball, pick up blue key,drop gray ball two spaces from purple door, pick up red box","pick up green box, ","pick up red box, drop red box, pick up gray ball, ",3,,97359
2021-02-25 11:15:52,2021-02-25 11:56:03,IP Address,172.114.169.143,100,2410,TRUE,2021-02-25 11:56:03,R_1I4QQO4ZQLYzu2Z,,,,,34.0251007080078000,-118.15560150146500000,anonymous,EN,Move up 3 squares and turn right,Go to the purple key ,Go to blue key then go to blue box ,Take blue key to yellow ball,Open green box,Go to blue door,go to yellow ball then to blue door ,"open yellow door, open purple door, move red key, go to purple key","move grey ball to blue key, get green  key","Go to purple key, move green door",go to green ball,move red ball to yellow box,"go to green ball, go to red box",go to purple key ,1,take green box to green ball ,go to grey ball ,go to red ball,go to grey ball then go to grey key,3,"go to blue key, open yellow door, grab green key, take to between purple box and blue ball ","go to green key, move  yellow box",move yellow ball ,touch yellow box,2,open green door ,"go to red ball, open green door,  go to green key","take blue key to yellow box, pick up red box",move green box,"touch red box, open blue door, go to grey ball",2,None,71378
2021-02-25 11:16:53,2021-02-25 12:01:05,IP Address,192.243.109.118,100,2651,TRUE,2021-02-25 12:01:05,R_1lbEP4zbKlhk4Iz,,,,,37.751007080078100,-97.82199859619140000,anonymous,EN,Go to the red ball,go to the purple key,"Get the key, open the blue door, drop the key, go to the pink box",move the blue key,go to the room with the yellow ball,go to the room with the yellow box,pick up the yellow ball and go to the blue door,Open the yellow door and put the red key next to the yellow box and go to the purple key,put they gray bell next to the blue key and go to the green key,Go to the purple ball,Go to the green ball,Put the red ball next to the yellow box,Go to a red box,Go to the purple key,1,Put the green box next to the green ball,Go to a gray ball,Go to the red ball,Go to a gray key,3,Pick up a blue key and then a green key and go to a blue ball,Pick up a green key and a yellow box and then go to a purple key,Open a purple door and then go to a yellow door,Pick up the yellow box and then go to a red door,2,Open a red door and go to the purple ball,Pick up a gray box and go to a green key,Put the blue key next to the yellow box and pick up a red box,Go to a yellow box and then pick up a green box,Pick up a red box and then go to a gray ball,4,"This was definitely a challenging study, but I enjoyed participating and tried my best. Thank you!!!!",33804
2021-02-25 11:22:02,2021-02-25 12:09:05,IP Address,24.164.184.216,100,2823,TRUE,2021-02-25 12:09:06,R_2aVtrxjFxMSgn7S,,,,,42.0717010498047000,-73.9694976806641000,anonymous,EN,Move up three spaces and move to the right one space.,go to the purple key,Open the door with the blue key and go to the purple space.,pick up the blue key,open the green door,go to the blue door,pick up the yellow ball and put it down and go to the blue door,open three doors and pick up the red key and put it under the yellow box,pick up a ball and put it next to the blue key and open the blue door,pick up the green box and put it next to the red key,go to the green ball,put a red ball on top of the yellow box,open the blue door to go to the red box,go to the purple key,1,place the green box on top of the green ball,go to the red box,open the purple door to go to the red ball,go to the grey key,3,open the green doors and pick up the green key and open the blue door,pick up the yellow box and go to the grey ball,open the green doors and pick up the yellow ball and place it down,pick up the yellow box and put it down and go to the red door,2,open the green door and go to the purple ball,open the green door and go to the green key,pick up the red box,pick up the green box,pick up the red box and put it down and go to the grey ball,4,interesting,89172
2021-02-25 11:21:08,2021-02-25 12:22:22,IP Address,108.196.136.202,100,3673,TRUE,2021-02-25 12:22:22,R_2UXivHN414Tqo1g,,,,,29.229095458984400,-95.34349822998050000,anonymous,EN,Move up three blocks then turn right,Go to purple key,Go to purple box,go to blue keys,Go to green door,open green doors,"Go to green then, then yellow dot and blue door.","go through yellow door then blue door, move key then blue door",move ball next to b;ue key then open blue door,go to purple ball,go to green ball,Put red ball next to yellow ball,Go to red box,Go to purple key,1,Put green box on top of green ball,Go to grey ball,Go through purple door then to red ball,Go to grey key.,3,Put green key between blue ball and grey box,Go through grey and blue door.,Go through green door and move yellow ball,Go to red door,2,Go towards purple ball,Go through green door then go to green key.,Go through red door then move red box.,Move green box.,Go through blue door then go to grey ball.,2,Enjoyed!,18733
2021-02-25 11:12:26,2021-02-25 12:36:12,IP Address,42.110.179.128,100,5026,TRUE,2021-02-25 12:36:13,R_Uyd6bJmOj8Q1Fsd,,,,,13.0579071044922000,80.192108154296900,anonymous,EN,Moving around red circle.,go to the violet key.,"Pick the blue key and open the blur door, then go to the purple door. ",Pick the blue key and drop around the purple box.,Open the green door.,go to the blue door.,Pick and drop the yellow ball and go to the blue door.,"pick up a red key, then go to the purple key.","put the grey ball next to the blue key, then open the blue door","pick up the green box, then go to the purple ball",go to the green ball ,put the red ball next to the yellow box,pick up the red box after you open the blue door,go to the purple key,1,put the green box next to the green ball,go to the grey ball,open a purple door and go to the red ball,"go to a grey ball, then go to a grey key",3,"pick up a green key, then open the blue door and go to the blue ball","pick up a green key and go to the green box, then pick up the yellow box and go to the purple key","pick up a purple ball, then pick up the yellow and go to the yellow door",pick up the yellow box and go to the red door,2,pick up a ball and go to the blue door,pick up the grey box and go the green key,"put the blue key next to the yellow box, then pick the red box and go the grey door",pick up the green box and go to the green door,"Pick up a box, then go to the grey ball",2,"Interesting task, thank you.",63402
2021-02-25 12:39:58,2021-02-25 13:07:04,IP Address,99.101.58.246,100,1626,TRUE,2021-02-25 13:07:05,R_2tz0Uz0VLufYiUp,,,,,30.154693603515600,-81.62920379638670000,anonymous,EN,"Turn right, move three squares up, turn right",Go to the purple key.,"Go to the blue key, open the blue door, drop the key, take the purple shelf","pick up the blue key, put down the blue key",Open the green door,Go to blue door ,"pick up yellow circle, put down yellow circle, go to blue door. ","go threw yellow door, pick up key, go threw blue door. ","pick up ball, place by purple key, go to green key",Move green box to room with red key,Go to the green ball,pick up red ball and place by yellow box,Go to red box,Go to purple key,1,"pick up green box, place by green ball",Go to grey ball,Go to red ball,go to grey key,3,"pick up blue key, pick up green key, go to blue ball","pick up yellow box, go to purple key","move purple ball, move yellow ball","pick up yellow box, go to red door",2,"pick up blue ball, go to red ball","Pick up grey box, go to grey box","pick up grey ball, pick up blue key, put blue key by yellow box, pick up red box",Pick up green box,"pick up red box, go to grey ball",4,Thank you!,23492
2021-02-25 12:20:00,2021-02-25 13:27:29,IP Address,103.212.156.127,100,4049,TRUE,2021-02-25 13:27:30,R_2fqdQ44YWEpyY05,,,,,28.6858062744141000,77.230987548828100,anonymous,EN,Go to cell on left of red circle and point towards red circle,Go to the purple key,Go to the purple item,Shift the blue key,Go the room of yellow ball,go to the room with blue ball,go to blue door,find the purple key,place grey ball next to blue key then go near green key,go to room with purple ball,go to green ball,pick up the red ball and place near yellow box,Go next to the red and green boxes,Go near purple key,1,place the green box near green ball,go to the grey ball,Go to the red ball,go near the grey key,3,pick up green key and go between blue ball and purple box,pick up yellow box and go near purple key,shift purple and yellow balls a little,go near red door,2,Go near purple ball,"pick up grey box, go to room that contains two grey boxes and go near one of them",Pick up red box and go near yellow key,pick up the green box and go near green door,go to the grey ball,3,It is a bit confusing what tasks we need to skip and what to mention. You said we need to focus only on final result but training tasks showed some answers in which intermediate tasks were also mentioned.,60975
2021-02-25 12:36:20,2021-02-25 13:35:13,IP Address,157.46.112.11,100,3532,TRUE,2021-02-25 13:35:13,R_1CpgQ8mfTrBsnGS,,,,,13.0579071044922000,80.192108154296900,anonymous,EN,go to the red ball ,go to the purple key ,collect the blue key next open the blue door and collect the purple door lock ,go to the blue key collected it and then drop it ,go to the yellow door open it next open the grey door go to the green door open it and through it ,open the yellow door and then go to the grey door open it next open the one more grey door next open the green door and then open the one more green door .,go to the grey door and open it next collect the yellow ball and throw it and go to the blue door. ,go to the yellow door and open it next return the way of yellow door and go to blue door and open it next collect the red key and drop it next open the blue door and go to the purple key. ,collect the grey ball and drop it next open the blue door ,open the yellow door and go to the blue door next return the way of blue door and yellow door and next open the green door next open the grey door and open the green door next go to the blue door pick the green door lock and through it.,go to the green ball ,go to the red key and turn to collect the red ball and drop it ,go to the grey door and next open the blue door and next open the purple door and next open the one more blue door. ,go to the purple key ,1,go to collect the green box and return the way to drop it ,go to the grey ball ,open the yellow door and next open the grey door and next go to the green door open it and return the way of green door and next go to the yellow door and open it next go to the purple door open it next go to the red ball ,open the grey door and go to the grey ball and return to the one more grey door and open it go to the grey key  ,3,go to the blue key and collect it and drop it next open the green door purple door and next open the yellow door and next open the green door and next open the one more green door and open the one more green door then go to the green key collect it and open the blue door and go to the purple box ,go to the red door and open it and next open the grey door and next open the blue door and next open the grey door and go to the yellow box and collect it ,"go to the [purple door open it next open the grey door and collect the purple ball and drop it, next open the purple door next open the green door and next open the one more green door and do to the yellow ball collect it and drop it ","go to the yellow box next  collect it and drop it ,go to the red door.",2,go to the red door next collect the blue ball and drop it next open the green door. ,go to the purple door next collect the grey box and go to the grey door fix it open the grey door and next open the blue door next open the green door and next open the one more green door next return the way of 3 different doors and finally open the green door,open the grey door and next open the purple door and next open the blue door and next open the purple door collect the grey ball and drop it next collect the grey box and drop it in another place and next open the grey door finally collect the red box ,open the blue door and go to the green box collect it ,open the red door and next open the red door collect the red box and return the way of red door next open the blue door next open the one more blue door and return to the red door next open the purple door finally go to the grey ball  ,4,no,26730
2021-02-25 14:11:59,2021-02-25 14:31:27,IP Address,75.191.84.240,100,1167,TRUE,2021-02-25 14:31:28,R_DP4jv2gy0xLiNyN,,,,,36.1168060302734000,-80.08370208740230000,anonymous,EN,"step forward twice, then turn right",go to the purple key,"go to the blue key, use it on the blue door, then go to the purple box",pick up the blue key,open the green door to the room with the yellow key,go to the room with the green key,"pick up and then drop the yellow ball, then go to the blue door",pick up a red key,"pick up the gray circle and place it beside the blue key, then open the blue door",enter a blue door and pick up a green box,go to the green ball,place the red ball beside the yellow box,go to a red box,go to the purple key,1,place the green box beside the green ball,go to the gray ball,go to a red ball,go to a gray key,3,pick up a green key and go to a purple box,pick up a yellow box,pick up the yellow ball in front of the yellow door,go to the red door,2,go to a purple ball,go to a green key,pick up a red box,pick up a green box,go to a gray ball,3,"This was a fascinating, challenging, and enjoyable study.",39337
2021-02-25 15:50:54,2021-02-25 16:25:15,IP Address,69.113.222.10,100,2061,TRUE,2021-02-25 16:25:16,R_ZqIELexkkYtucN3,,,,,40.742401123046900,-74.032501220703100,anonymous,EN,Turn right. Take three steps forward Turn right.,Go to the purple key.,go to the blue key. go to the blue door.,pick up the blue key,open the green door,go to a blue door,pick up the yellow ball and go to the blue door,move the red key and go to the purple key,move the grey ball next to a key and go through a blue door,look at a purple key and go to the purple ball,go to the green ball,put the red ball next to the yellow box,go to a red box,go to the purple key,1,put the green box next to the green ball,go to a gray box,go to the red ball,go to a gray ball and then go to a gray key,3,pick up the blue key and then pick up the green key and go to a blue ball,pick up a green key and then pick up the yellow box and go to a purple key,open the yellow door,pick up the yellow box and then go to a red door,2,go to the purple ball,pick up a gray box and go to the green key,put the blue key next to the yellow box then pick up the red box and go to a blue door,open a yellow door then pick up a green box and go to a green door,pick up a red box then go to the gray ball,4,"Was a bit confusing; some of the final actions seemed unclear as the robot was not directly facing any object when the video ended; also sometimes the robot would pick something up and immediately put it down again, while other times it would pick something up and never put it down. I hope that i provided correct instructions.",28729